﻿{
  "BrowserExePath": "C:\\Program Files (x86)\\Microsoft\\Edge\\Application\\msedge.exe",
  "BrowserExeArguments": "--app=https://localhost:{Port}/",
  "HideConsoleWindow": true,
  "NextAvailablePortFrom": 5005,
  "UseUrls": true,

  "FileStorage": {
    "IsActive": true,
    "CacheDirectoryFormat": "{MyDocuments} > ApiInspector > Cache"
  },

  "DbStorage": {
    "IsActive": false,
    "ConnectionString": null,
    "DeleteFromStorage": "DELETE FROM Table WHERE Column = @storageKey",
    "ReadFromStorage": "SELECT TOP 1 Column FROM Table WHERE Column = @storageKey",
    "InsertIntoStorage": "INSERT INTO Table  WHERE @storageKey, @storageValue, @userName",
    "UpdateStorage": "UPDATE Table  WHERE @storageKey, @storageValue, @userName",
    "SearchInStoreage": "SELECT TOP 5 StorageKey, StorageValue FROM Table WITH (NOLOCK) WHERE (@filter ISNULL OR [Key] LIKE '%' + @filter + '%') AND (@filter ISNULL OR [Value] LIKE '%' + @filter + '%')  ORDER BY LastExecutionTime DESC"
  }
}